{
  "token_acc":1.0,
  "token_p":1.0,
  "token_r":1.0,
  "token_f":1.0,
  "ents_p":0.6851851852,
  "ents_r":0.3303571429,
  "ents_f":0.4457831325,
  "ents_per_type":{
    "CHAINBRAND":{
      "p":0.5625,
      "r":0.1451612903,
      "f":0.2307692308
    },
    "GTIN":{
      "p":0.5714285714,
      "r":1.0,
      "f":0.7272727273
    },
    "NAME":{
      "p":0.8333333333,
      "r":0.4761904762,
      "f":0.6060606061
    }
  },
  "speed":21127.1899441628
}