{
  "token_acc":1.0,
  "token_p":1.0,
  "token_r":1.0,
  "token_f":1.0,
  "ents_p":0.63,
  "ents_r":0.4772727273,
  "ents_f":0.5431034483,
  "ents_per_type":{
    "CHAINBRAND":{
      "p":0.8028169014,
      "r":0.5181818182,
      "f":0.6298342541
    },
    "GTIN":{
      "p":0.375,
      "r":1.0,
      "f":0.5454545455
    },
    "NAME":{
      "p":0.0,
      "r":0.0,
      "f":0.0
    }
  },
  "speed":36388.7440498442
}