{
  "token_acc":1.0,
  "token_p":1.0,
  "token_r":1.0,
  "token_f":1.0,
  "ents_p":0.777027027,
  "ents_r":0.6686046512,
  "ents_f":0.71875,
  "ents_per_type":{
    "NAME":{
      "p":0.6507936508,
      "r":0.640625,
      "f":0.6456692913
    },
    "CHAINBRAND":{
      "p":0.8947368421,
      "r":0.7010309278,
      "f":0.7861271676
    },
    "GTIN":{
      "p":0.6666666667,
      "r":0.5454545455,
      "f":0.6
    }
  },
  "speed":20365.8223212383
}