{
  "token_acc":1.0,
  "token_p":1.0,
  "token_r":1.0,
  "token_f":1.0,
  "ents_p":0.375,
  "ents_r":0.1304347826,
  "ents_f":0.1935483871,
  "ents_per_type":{
    "CHAINBRAND":{
      "p":0.375,
      "r":0.2142857143,
      "f":0.2727272727
    },
    "NAME":{
      "p":0.0,
      "r":0.0,
      "f":0.0
    },
    "GTIN":{
      "p":0.0,
      "r":0.0,
      "f":0.0
    }
  },
  "speed":19858.8973085968
}