{
  "token_acc":1.0,
  "token_p":1.0,
  "token_r":1.0,
  "token_f":1.0,
  "ents_p":0.7730496454,
  "ents_r":0.6337209302,
  "ents_f":0.696485623,
  "ents_per_type":{
    "NAME":{
      "p":0.6290322581,
      "r":0.609375,
      "f":0.619047619
    },
    "CHAINBRAND":{
      "p":0.9275362319,
      "r":0.6597938144,
      "f":0.7710843373
    },
    "GTIN":{
      "p":0.6,
      "r":0.5454545455,
      "f":0.5714285714
    }
  },
  "speed":19075.7328234929
}