{
  "token_acc":1.0,
  "token_p":1.0,
  "token_r":1.0,
  "token_f":1.0,
  "ents_p":0.8620689655,
  "ents_r":0.6465517241,
  "ents_f":0.7389162562,
  "ents_per_type":{
    "BRAND":{
      "p":0.9090909091,
      "r":0.75,
      "f":0.8219178082
    },
    "NAME":{
      "p":0.7,
      "r":0.2592592593,
      "f":0.3783783784
    },
    "GTIN":{
      "p":0.7272727273,
      "r":0.8888888889,
      "f":0.8
    }
  },
  "speed":16023.0852978147
}