{
  "token_acc":1.0,
  "token_p":1.0,
  "token_r":1.0,
  "token_f":1.0,
  "ents_p":0.8039215686,
  "ents_r":0.8039215686,
  "ents_f":0.8039215686,
  "ents_per_type":{
    "NAME":{
      "p":0.7222222222,
      "r":0.8666666667,
      "f":0.7878787879
    },
    "GTIN":{
      "p":1.0,
      "r":1.0,
      "f":1.0
    },
    "BRAND":{
      "p":1.0,
      "r":0.6,
      "f":0.75
    }
  },
  "speed":19743.0010242941
}