{
  "token_acc":1.0,
  "token_p":1.0,
  "token_r":1.0,
  "token_f":1.0,
  "ents_p":0.8695652174,
  "ents_r":0.5172413793,
  "ents_f":0.6486486486,
  "ents_per_type":{
    "BRAND":{
      "p":0.9215686275,
      "r":0.5875,
      "f":0.7175572519
    },
    "NAME":{
      "p":0.6666666667,
      "r":0.2222222222,
      "f":0.3333333333
    },
    "GTIN":{
      "p":0.7777777778,
      "r":0.7777777778,
      "f":0.7777777778
    }
  },
  "speed":15865.7607433333
}