{
  "token_acc":1.0,
  "token_p":1.0,
  "token_r":1.0,
  "token_f":1.0,
  "ents_p":0.6486486486,
  "ents_r":0.3636363636,
  "ents_f":0.4660194175,
  "ents_per_type":{
    "CHAINBRAND":{
      "p":0.7636363636,
      "r":0.3818181818,
      "f":0.5090909091
    },
    "NAME":{
      "p":0.0,
      "r":0.0,
      "f":0.0
    },
    "GTIN":{
      "p":0.3529411765,
      "r":1.0,
      "f":0.5217391304
    }
  },
  "speed":34001.1381837371
}