{
  "token_acc":1.0,
  "token_p":1.0,
  "token_r":1.0,
  "token_f":1.0,
  "ents_p":0.8820224719,
  "ents_r":0.8051282051,
  "ents_f":0.8418230563,
  "ents_per_type":{
    "NAME":{
      "p":0.7719298246,
      "r":0.9565217391,
      "f":0.854368932
    },
    "CHAINBRAND":{
      "p":0.8787878788,
      "r":0.6170212766,
      "f":0.725
    },
    "PRICE":{
      "p":1.0,
      "r":1.0,
      "f":1.0
    },
    "GTIN":{
      "p":1.0,
      "r":1.0,
      "f":1.0
    }
  },
  "speed":37731.6342666357
}