{
  "token_acc":1.0,
  "token_p":1.0,
  "token_r":1.0,
  "token_f":1.0,
  "ents_p":0.6730769231,
  "ents_r":0.3125,
  "ents_f":0.4268292683,
  "ents_per_type":{
    "CHAINBRAND":{
      "p":0.6153846154,
      "r":0.1290322581,
      "f":0.2133333333
    },
    "GTIN":{
      "p":0.875,
      "r":0.875,
      "f":0.875
    },
    "NAME":{
      "p":0.6451612903,
      "r":0.4761904762,
      "f":0.5479452055
    }
  },
  "speed":19731.83638493
}