{
  "token_acc":1.0,
  "token_p":1.0,
  "token_r":1.0,
  "token_f":1.0,
  "ents_p":0.8431372549,
  "ents_r":0.8431372549,
  "ents_f":0.8431372549,
  "ents_per_type":{
    "NAME":{
      "p":0.7333333333,
      "r":0.7333333333,
      "f":0.7333333333
    },
    "GTIN":{
      "p":1.0,
      "r":1.0,
      "f":1.0
    },
    "BRAND":{
      "p":1.0,
      "r":1.0,
      "f":1.0
    }
  },
  "speed":19876.4692646784
}