{
  "token_acc":1.0,
  "token_p":1.0,
  "token_r":1.0,
  "token_f":1.0,
  "ents_p":0.8,
  "ents_r":0.5714285714,
  "ents_f":0.6666666667,
  "ents_per_type":{
    "CHAINBRAND":{
      "p":0.8273381295,
      "r":0.6284153005,
      "f":0.7142857143
    },
    "GTIN":{
      "p":1.0,
      "r":0.125,
      "f":0.2222222222
    },
    "NAME":{
      "p":0.5333333333,
      "r":0.3076923077,
      "f":0.3902439024
    }
  },
  "speed":24952.2735582229
}