{
  "token_acc":1.0,
  "token_p":1.0,
  "token_r":1.0,
  "token_f":1.0,
  "ents_p":0.75,
  "ents_r":0.5806451613,
  "ents_f":0.6545454545,
  "ents_per_type":{
    "CHAINBRAND":{
      "p":0.8188405797,
      "r":0.6174863388,
      "f":0.7040498442
    },
    "GTIN":{
      "p":1.0,
      "r":0.125,
      "f":0.2222222222
    },
    "NAME":{
      "p":0.4137931034,
      "r":0.4615384615,
      "f":0.4363636364
    }
  },
  "speed":17898.8092618246
}