{
  "token_acc":1.0,
  "token_p":1.0,
  "token_r":1.0,
  "token_f":1.0,
  "ents_p":0.9570552147,
  "ents_r":0.8,
  "ents_f":0.8715083799,
  "ents_per_type":{
    "NAME":{
      "p":0.8510638298,
      "r":0.8695652174,
      "f":0.8602150538
    },
    "CHAINBRAND":{
      "p":1.0,
      "r":0.6489361702,
      "f":0.7870967742
    },
    "PRICE":{
      "p":1.0,
      "r":1.0,
      "f":1.0
    },
    "GTIN":{
      "p":1.0,
      "r":1.0,
      "f":1.0
    }
  },
  "speed":38284.9469460462
}