{
  "token_acc":1.0,
  "token_p":1.0,
  "token_r":1.0,
  "token_f":1.0,
  "ents_p":0.5555555556,
  "ents_r":0.3260869565,
  "ents_f":0.4109589041,
  "ents_per_type":{
    "CHAINBRAND":{
      "p":0.52,
      "r":0.4642857143,
      "f":0.4905660377
    },
    "GTIN":{
      "p":1.0,
      "r":1.0,
      "f":1.0
    },
    "NAME":{
      "p":0.0,
      "r":0.0,
      "f":0.0
    }
  },
  "speed":11268.518377883
}